vid_location,frame_number
vid_data/videos/NARUTO IN 18 MINUTES.mp4,300
vid_data/videos/NARUTO IN 18 MINUTES.mp4,330
vid_data/videos/NARUTO IN 18 MINUTES.mp4,360
vid_data/videos/NARUTO IN 18 MINUTES.mp4,510
vid_data/videos/NARUTO IN 18 MINUTES.mp4,540
vid_data/videos/NARUTO IN 18 MINUTES.mp4,570
vid_data/videos/NARUTO IN 18 MINUTES.mp4,600
vid_data/videos/NARUTO IN 18 MINUTES.mp4,660
vid_data/videos/NARUTO IN 18 MINUTES.mp4,690
vid_data/videos/NARUTO IN 18 MINUTES.mp4,720
vid_data/videos/NARUTO IN 18 MINUTES.mp4,750
vid_data/videos/NARUTO IN 18 MINUTES.mp4,1590
vid_data/videos/NARUTO IN 18 MINUTES.mp4,1620
vid_data/videos/NARUTO IN 18 MINUTES.mp4,1830
vid_data/videos/NARUTO IN 18 MINUTES.mp4,1860
vid_data/videos/NARUTO IN 18 MINUTES.mp4,1890
vid_data/videos/NARUTO IN 18 MINUTES.mp4,1920
vid_data/videos/NARUTO IN 18 MINUTES.mp4,2040
vid_data/videos/NARUTO IN 18 MINUTES.mp4,2130
vid_data/videos/NARUTO IN 18 MINUTES.mp4,2160
vid_data/videos/NARUTO IN 18 MINUTES.mp4,2190
vid_data/videos/NARUTO IN 18 MINUTES.mp4,2220
vid_data/videos/NARUTO IN 18 MINUTES.mp4,2250
vid_data/videos/NARUTO IN 18 MINUTES.mp4,2280
vid_data/videos/NARUTO IN 18 MINUTES.mp4,2310
vid_data/videos/NARUTO IN 18 MINUTES.mp4,2340
vid_data/videos/NARUTO IN 18 MINUTES.mp4,2400
vid_data/videos/NARUTO IN 18 MINUTES.mp4,2820
vid_data/videos/NARUTO IN 18 MINUTES.mp4,2850
vid_data/videos/NARUTO IN 18 MINUTES.mp4,2880
vid_data/videos/NARUTO IN 18 MINUTES.mp4,2910
vid_data/videos/NARUTO IN 18 MINUTES.mp4,2970
vid_data/videos/NARUTO IN 18 MINUTES.mp4,3000
vid_data/videos/NARUTO IN 18 MINUTES.mp4,3090
vid_data/videos/NARUTO IN 18 MINUTES.mp4,3120
vid_data/videos/NARUTO IN 18 MINUTES.mp4,3150
vid_data/videos/NARUTO IN 18 MINUTES.mp4,3270
vid_data/videos/NARUTO IN 18 MINUTES.mp4,3390
vid_data/videos/NARUTO IN 18 MINUTES.mp4,3420
vid_data/videos/NARUTO IN 18 MINUTES.mp4,3480
vid_data/videos/NARUTO IN 18 MINUTES.mp4,3510
vid_data/videos/NARUTO IN 18 MINUTES.mp4,3540
vid_data/videos/NARUTO IN 18 MINUTES.mp4,3570
vid_data/videos/NARUTO IN 18 MINUTES.mp4,3600
vid_data/videos/NARUTO IN 18 MINUTES.mp4,4230
vid_data/videos/NARUTO IN 18 MINUTES.mp4,4410
vid_data/videos/NARUTO IN 18 MINUTES.mp4,4830
vid_data/videos/NARUTO IN 18 MINUTES.mp4,5250
vid_data/videos/NARUTO IN 18 MINUTES.mp4,5460
vid_data/videos/NARUTO IN 18 MINUTES.mp4,5490
vid_data/videos/NARUTO IN 18 MINUTES.mp4,5520
vid_data/videos/NARUTO IN 18 MINUTES.mp4,5550
vid_data/videos/NARUTO IN 18 MINUTES.mp4,5580
vid_data/videos/NARUTO IN 18 MINUTES.mp4,5760
vid_data/videos/NARUTO IN 18 MINUTES.mp4,5820
vid_data/videos/NARUTO IN 18 MINUTES.mp4,5850
vid_data/videos/NARUTO IN 18 MINUTES.mp4,6090
vid_data/videos/NARUTO IN 18 MINUTES.mp4,6630
vid_data/videos/NARUTO IN 18 MINUTES.mp4,7080
vid_data/videos/NARUTO IN 18 MINUTES.mp4,7170
vid_data/videos/NARUTO IN 18 MINUTES.mp4,7740
vid_data/videos/NARUTO IN 18 MINUTES.mp4,7770
vid_data/videos/NARUTO IN 18 MINUTES.mp4,7800
vid_data/videos/NARUTO IN 18 MINUTES.mp4,7860
vid_data/videos/NARUTO IN 18 MINUTES.mp4,7920
vid_data/videos/NARUTO IN 18 MINUTES.mp4,7980
vid_data/videos/NARUTO IN 18 MINUTES.mp4,8160
vid_data/videos/NARUTO IN 18 MINUTES.mp4,8550
vid_data/videos/NARUTO IN 18 MINUTES.mp4,8850
vid_data/videos/NARUTO IN 18 MINUTES.mp4,9120
vid_data/videos/NARUTO IN 18 MINUTES.mp4,9540
vid_data/videos/NARUTO IN 18 MINUTES.mp4,9600
vid_data/videos/NARUTO IN 18 MINUTES.mp4,9960
vid_data/videos/NARUTO IN 18 MINUTES.mp4,10020
vid_data/videos/NARUTO IN 18 MINUTES.mp4,10050
vid_data/videos/NARUTO IN 18 MINUTES.mp4,10560
vid_data/videos/NARUTO IN 18 MINUTES.mp4,10590
vid_data/videos/NARUTO IN 18 MINUTES.mp4,10740
vid_data/videos/NARUTO IN 18 MINUTES.mp4,10950
vid_data/videos/NARUTO IN 18 MINUTES.mp4,11250
vid_data/videos/NARUTO IN 18 MINUTES.mp4,11280
vid_data/videos/NARUTO IN 18 MINUTES.mp4,11520
vid_data/videos/NARUTO IN 18 MINUTES.mp4,11670
vid_data/videos/NARUTO IN 18 MINUTES.mp4,11730
vid_data/videos/NARUTO IN 18 MINUTES.mp4,12450
vid_data/videos/NARUTO IN 18 MINUTES.mp4,12570
vid_data/videos/NARUTO IN 18 MINUTES.mp4,12810
vid_data/videos/NARUTO IN 18 MINUTES.mp4,12840
vid_data/videos/NARUTO IN 18 MINUTES.mp4,12960
vid_data/videos/NARUTO IN 18 MINUTES.mp4,13050
vid_data/videos/NARUTO IN 18 MINUTES.mp4,13080
vid_data/videos/NARUTO IN 18 MINUTES.mp4,13140
vid_data/videos/NARUTO IN 18 MINUTES.mp4,13290
vid_data/videos/NARUTO IN 18 MINUTES.mp4,13320
vid_data/videos/NARUTO IN 18 MINUTES.mp4,13380
vid_data/videos/NARUTO IN 18 MINUTES.mp4,13440
vid_data/videos/NARUTO IN 18 MINUTES.mp4,13470
vid_data/videos/NARUTO IN 18 MINUTES.mp4,13530
vid_data/videos/NARUTO IN 18 MINUTES.mp4,13590
vid_data/videos/NARUTO IN 18 MINUTES.mp4,13620
vid_data/videos/NARUTO IN 18 MINUTES.mp4,13920
vid_data/videos/NARUTO IN 18 MINUTES.mp4,14010
vid_data/videos/NARUTO IN 18 MINUTES.mp4,14130
vid_data/videos/NARUTO IN 18 MINUTES.mp4,14190
vid_data/videos/NARUTO IN 18 MINUTES.mp4,14220
vid_data/videos/NARUTO IN 18 MINUTES.mp4,14430
vid_data/videos/NARUTO IN 18 MINUTES.mp4,15210
vid_data/videos/NARUTO IN 18 MINUTES.mp4,15360
vid_data/videos/NARUTO IN 18 MINUTES.mp4,15450
vid_data/videos/NARUTO IN 18 MINUTES.mp4,15480
vid_data/videos/NARUTO IN 18 MINUTES.mp4,16200
vid_data/videos/NARUTO IN 18 MINUTES.mp4,16350
vid_data/videos/NARUTO IN 18 MINUTES.mp4,16440
vid_data/videos/NARUTO IN 18 MINUTES.mp4,16470
vid_data/videos/NARUTO IN 18 MINUTES.mp4,16710
vid_data/videos/NARUTO IN 18 MINUTES.mp4,16740
vid_data/videos/NARUTO IN 18 MINUTES.mp4,16800
vid_data/videos/NARUTO IN 18 MINUTES.mp4,16920
vid_data/videos/NARUTO IN 18 MINUTES.mp4,16950
vid_data/videos/NARUTO IN 18 MINUTES.mp4,16980
vid_data/videos/NARUTO IN 18 MINUTES.mp4,17820
vid_data/videos/NARUTO IN 18 MINUTES.mp4,17850
vid_data/videos/NARUTO IN 18 MINUTES.mp4,17910
vid_data/videos/NARUTO IN 18 MINUTES.mp4,18090
vid_data/videos/NARUTO IN 18 MINUTES.mp4,18120
vid_data/videos/NARUTO IN 18 MINUTES.mp4,18210
vid_data/videos/NARUTO IN 18 MINUTES.mp4,18360
vid_data/videos/NARUTO IN 18 MINUTES.mp4,18390
vid_data/videos/NARUTO IN 18 MINUTES.mp4,18540
vid_data/videos/NARUTO IN 18 MINUTES.mp4,18600
vid_data/videos/NARUTO IN 18 MINUTES.mp4,18660
vid_data/videos/NARUTO IN 18 MINUTES.mp4,18690
vid_data/videos/NARUTO IN 18 MINUTES.mp4,18900
vid_data/videos/NARUTO IN 18 MINUTES.mp4,18930
vid_data/videos/NARUTO IN 18 MINUTES.mp4,19080
vid_data/videos/NARUTO IN 18 MINUTES.mp4,19110
vid_data/videos/NARUTO IN 18 MINUTES.mp4,19140
vid_data/videos/NARUTO IN 18 MINUTES.mp4,19170
vid_data/videos/NARUTO IN 18 MINUTES.mp4,19260
vid_data/videos/NARUTO IN 18 MINUTES.mp4,19290
vid_data/videos/NARUTO IN 18 MINUTES.mp4,19320
vid_data/videos/NARUTO IN 18 MINUTES.mp4,19350
vid_data/videos/NARUTO IN 18 MINUTES.mp4,19800
vid_data/videos/NARUTO IN 18 MINUTES.mp4,20070
vid_data/videos/NARUTO IN 18 MINUTES.mp4,20100
vid_data/videos/NARUTO IN 18 MINUTES.mp4,20130
vid_data/videos/NARUTO IN 18 MINUTES.mp4,20160
vid_data/videos/NARUTO IN 18 MINUTES.mp4,20190
vid_data/videos/NARUTO IN 18 MINUTES.mp4,20280
vid_data/videos/NARUTO IN 18 MINUTES.mp4,20310
vid_data/videos/NARUTO IN 18 MINUTES.mp4,20340
vid_data/videos/NARUTO IN 18 MINUTES.mp4,20460
vid_data/videos/NARUTO IN 18 MINUTES.mp4,20490
vid_data/videos/NARUTO IN 18 MINUTES.mp4,20520
vid_data/videos/NARUTO IN 18 MINUTES.mp4,20550
vid_data/videos/NARUTO IN 18 MINUTES.mp4,20640
vid_data/videos/NARUTO IN 18 MINUTES.mp4,20670
vid_data/videos/NARUTO IN 18 MINUTES.mp4,20700
vid_data/videos/NARUTO IN 18 MINUTES.mp4,20730
vid_data/videos/NARUTO IN 18 MINUTES.mp4,20790
vid_data/videos/NARUTO IN 18 MINUTES.mp4,20820
vid_data/videos/NARUTO IN 18 MINUTES.mp4,20850
vid_data/videos/NARUTO IN 18 MINUTES.mp4,20880
vid_data/videos/NARUTO IN 18 MINUTES.mp4,21150
vid_data/videos/NARUTO IN 18 MINUTES.mp4,21180
vid_data/videos/NARUTO IN 18 MINUTES.mp4,21480
vid_data/videos/NARUTO IN 18 MINUTES.mp4,21720
vid_data/videos/NARUTO IN 18 MINUTES.mp4,21750
vid_data/videos/NARUTO IN 18 MINUTES.mp4,21810
vid_data/videos/NARUTO IN 18 MINUTES.mp4,22440
vid_data/videos/NARUTO IN 18 MINUTES.mp4,22470
vid_data/videos/NARUTO IN 18 MINUTES.mp4,22830
vid_data/videos/NARUTO IN 18 MINUTES.mp4,22920
vid_data/videos/NARUTO IN 18 MINUTES.mp4,23070
vid_data/videos/NARUTO IN 18 MINUTES.mp4,23250
vid_data/videos/NARUTO IN 18 MINUTES.mp4,23820
vid_data/videos/NARUTO IN 18 MINUTES.mp4,23910
vid_data/videos/NARUTO IN 18 MINUTES.mp4,23940
vid_data/videos/NARUTO IN 18 MINUTES.mp4,24090
vid_data/videos/NARUTO IN 18 MINUTES.mp4,24330
vid_data/videos/NARUTO IN 18 MINUTES.mp4,24510
vid_data/videos/NARUTO IN 18 MINUTES.mp4,24540
vid_data/videos/NARUTO IN 18 MINUTES.mp4,24870
vid_data/videos/NARUTO IN 18 MINUTES.mp4,25080
vid_data/videos/NARUTO IN 18 MINUTES.mp4,25440
vid_data/videos/NARUTO IN 18 MINUTES.mp4,25590
vid_data/videos/NARUTO IN 18 MINUTES.mp4,25680
vid_data/videos/NARUTO IN 18 MINUTES.mp4,25770
vid_data/videos/NARUTO IN 18 MINUTES.mp4,25890
vid_data/videos/NARUTO IN 18 MINUTES.mp4,25920
vid_data/videos/NARUTO IN 18 MINUTES.mp4,26160
vid_data/videos/NARUTO IN 18 MINUTES.mp4,26190
vid_data/videos/NARUTO IN 18 MINUTES.mp4,26250
vid_data/videos/NARUTO IN 18 MINUTES.mp4,26280
vid_data/videos/NARUTO IN 18 MINUTES.mp4,26370
vid_data/videos/NARUTO IN 18 MINUTES.mp4,26490
vid_data/videos/NARUTO IN 18 MINUTES.mp4,26550
vid_data/videos/NARUTO IN 18 MINUTES.mp4,26580
vid_data/videos/NARUTO IN 18 MINUTES.mp4,26610
vid_data/videos/NARUTO IN 18 MINUTES.mp4,26700
vid_data/videos/NARUTO IN 18 MINUTES.mp4,27090
vid_data/videos/NARUTO IN 18 MINUTES.mp4,27120
vid_data/videos/NARUTO IN 18 MINUTES.mp4,27420
vid_data/videos/NARUTO IN 18 MINUTES.mp4,27450
vid_data/videos/NARUTO IN 18 MINUTES.mp4,27510
vid_data/videos/NARUTO IN 18 MINUTES.mp4,27540
vid_data/videos/NARUTO IN 18 MINUTES.mp4,27570
vid_data/videos/NARUTO IN 18 MINUTES.mp4,27690
vid_data/videos/NARUTO IN 18 MINUTES.mp4,28740
vid_data/videos/NARUTO IN 18 MINUTES.mp4,28770
vid_data/videos/NARUTO IN 18 MINUTES.mp4,29220
vid_data/videos/NARUTO IN 18 MINUTES.mp4,29550
vid_data/videos/NARUTO IN 18 MINUTES.mp4,29730
vid_data/videos/NARUTO IN 18 MINUTES.mp4,29760
vid_data/videos/NARUTO IN 18 MINUTES.mp4,29790
vid_data/videos/NARUTO IN 18 MINUTES.mp4,29880
vid_data/videos/NARUTO IN 18 MINUTES.mp4,30150
vid_data/videos/NARUTO IN 18 MINUTES.mp4,30210
vid_data/videos/NARUTO IN 18 MINUTES.mp4,30240
vid_data/videos/NARUTO IN 18 MINUTES.mp4,30270
vid_data/videos/NARUTO IN 18 MINUTES.mp4,30300
vid_data/videos/NARUTO IN 18 MINUTES.mp4,30420
vid_data/videos/NARUTO IN 18 MINUTES.mp4,30630
vid_data/videos/NARUTO IN 18 MINUTES.mp4,30660
vid_data/videos/NARUTO IN 18 MINUTES.mp4,31110
vid_data/videos/NARUTO IN 18 MINUTES.mp4,31140
vid_data/videos/NARUTO IN 18 MINUTES.mp4,31200
vid_data/videos/NARUTO IN 18 MINUTES.mp4,31230
vid_data/videos/NARUTO IN 18 MINUTES.mp4,31290
vid_data/videos/NARUTO IN 18 MINUTES.mp4,31320
vid_data/videos/NARUTO IN 18 MINUTES.mp4,31410
vid_data/videos/NARUTO IN 18 MINUTES.mp4,31440
vid_data/videos/NARUTO IN 18 MINUTES.mp4,31560
vid_data/videos/NARUTO IN 18 MINUTES.mp4,31620
vid_data/videos/NARUTO IN 18 MINUTES.mp4,31650
vid_data/videos/NARUTO IN 18 MINUTES.mp4,31950
vid_data/videos/NARUTO IN 18 MINUTES.mp4,32070
vid_data/videos/NARUTO IN 18 MINUTES.mp4,32100
vid_data/videos/NARUTO IN 18 MINUTES.mp4,32370
vid_data/videos/NARUTO IN 18 MINUTES.mp4,32670
vid_data/videos/NARUTO SHIPPUDEN IN 15 MINUTES「REVAMPED VERSION」.mp4,150
vid_data/videos/NARUTO SHIPPUDEN IN 15 MINUTES「REVAMPED VERSION」.mp4,210
vid_data/videos/NARUTO SHIPPUDEN IN 15 MINUTES「REVAMPED VERSION」.mp4,240
vid_data/videos/NARUTO SHIPPUDEN IN 15 MINUTES「REVAMPED VERSION」.mp4,270
vid_data/videos/NARUTO SHIPPUDEN IN 15 MINUTES「REVAMPED VERSION」.mp4,300
vid_data/videos/NARUTO SHIPPUDEN IN 15 MINUTES「REVAMPED VERSION」.mp4,330
vid_data/videos/NARUTO SHIPPUDEN IN 15 MINUTES「REVAMPED VERSION」.mp4,360
vid_data/videos/NARUTO SHIPPUDEN IN 15 MINUTES「REVAMPED VERSION」.mp4,390
vid_data/videos/NARUTO SHIPPUDEN IN 15 MINUTES「REVAMPED VERSION」.mp4,420
vid_data/videos/NARUTO SHIPPUDEN IN 15 MINUTES「REVAMPED VERSION」.mp4,450
vid_data/videos/NARUTO SHIPPUDEN IN 15 MINUTES「REVAMPED VERSION」.mp4,480
vid_data/videos/NARUTO SHIPPUDEN IN 15 MINUTES「REVAMPED VERSION」.mp4,600
vid_data/videos/NARUTO SHIPPUDEN IN 15 MINUTES「REVAMPED VERSION」.mp4,630
vid_data/videos/NARUTO SHIPPUDEN IN 15 MINUTES「REVAMPED VERSION」.mp4,660
vid_data/videos/NARUTO SHIPPUDEN IN 15 MINUTES「REVAMPED VERSION」.mp4,750
vid_data/videos/NARUTO SHIPPUDEN IN 15 MINUTES「REVAMPED VERSION」.mp4,780
vid_data/videos/NARUTO SHIPPUDEN IN 15 MINUTES「REVAMPED VERSION」.mp4,810
vid_data/videos/NARUTO SHIPPUDEN IN 15 MINUTES「REVAMPED VERSION」.mp4,840
vid_data/videos/NARUTO SHIPPUDEN IN 15 MINUTES「REVAMPED VERSION」.mp4,870
vid_data/videos/NARUTO SHIPPUDEN IN 15 MINUTES「REVAMPED VERSION」.mp4,900
vid_data/videos/NARUTO SHIPPUDEN IN 15 MINUTES「REVAMPED VERSION」.mp4,960
vid_data/videos/NARUTO SHIPPUDEN IN 15 MINUTES「REVAMPED VERSION」.mp4,1440
vid_data/videos/NARUTO SHIPPUDEN IN 15 MINUTES「REVAMPED VERSION」.mp4,1470
vid_data/videos/NARUTO SHIPPUDEN IN 15 MINUTES「REVAMPED VERSION」.mp4,1530
vid_data/videos/NARUTO SHIPPUDEN IN 15 MINUTES「REVAMPED VERSION」.mp4,1560
vid_data/videos/NARUTO SHIPPUDEN IN 15 MINUTES「REVAMPED VERSION」.mp4,1770
vid_data/videos/NARUTO SHIPPUDEN IN 15 MINUTES「REVAMPED VERSION」.mp4,1800
vid_data/videos/NARUTO SHIPPUDEN IN 15 MINUTES「REVAMPED VERSION」.mp4,1830
vid_data/videos/NARUTO SHIPPUDEN IN 15 MINUTES「REVAMPED VERSION」.mp4,2160
vid_data/videos/NARUTO SHIPPUDEN IN 15 MINUTES「REVAMPED VERSION」.mp4,2190
vid_data/videos/NARUTO SHIPPUDEN IN 15 MINUTES「REVAMPED VERSION」.mp4,2250
vid_data/videos/NARUTO SHIPPUDEN IN 15 MINUTES「REVAMPED VERSION」.mp4,2340
vid_data/videos/NARUTO SHIPPUDEN IN 15 MINUTES「REVAMPED VERSION」.mp4,2400
vid_data/videos/NARUTO SHIPPUDEN IN 15 MINUTES「REVAMPED VERSION」.mp4,2550
vid_data/videos/NARUTO SHIPPUDEN IN 15 MINUTES「REVAMPED VERSION」.mp4,2640
vid_data/videos/NARUTO SHIPPUDEN IN 15 MINUTES「REVAMPED VERSION」.mp4,2850
vid_data/videos/NARUTO SHIPPUDEN IN 15 MINUTES「REVAMPED VERSION」.mp4,2910
vid_data/videos/NARUTO SHIPPUDEN IN 15 MINUTES「REVAMPED VERSION」.mp4,3180
vid_data/videos/NARUTO SHIPPUDEN IN 15 MINUTES「REVAMPED VERSION」.mp4,3210
vid_data/videos/NARUTO SHIPPUDEN IN 15 MINUTES「REVAMPED VERSION」.mp4,3240
vid_data/videos/NARUTO SHIPPUDEN IN 15 MINUTES「REVAMPED VERSION」.mp4,3270
vid_data/videos/NARUTO SHIPPUDEN IN 15 MINUTES「REVAMPED VERSION」.mp4,3450
vid_data/videos/NARUTO SHIPPUDEN IN 15 MINUTES「REVAMPED VERSION」.mp4,3570
vid_data/videos/NARUTO SHIPPUDEN IN 15 MINUTES「REVAMPED VERSION」.mp4,3600
vid_data/videos/NARUTO SHIPPUDEN IN 15 MINUTES「REVAMPED VERSION」.mp4,3630
vid_data/videos/NARUTO SHIPPUDEN IN 15 MINUTES「REVAMPED VERSION」.mp4,3900
vid_data/videos/NARUTO SHIPPUDEN IN 15 MINUTES「REVAMPED VERSION」.mp4,3930
vid_data/videos/NARUTO SHIPPUDEN IN 15 MINUTES「REVAMPED VERSION」.mp4,4050
vid_data/videos/NARUTO SHIPPUDEN IN 15 MINUTES「REVAMPED VERSION」.mp4,4080
vid_data/videos/NARUTO SHIPPUDEN IN 15 MINUTES「REVAMPED VERSION」.mp4,4110
vid_data/videos/NARUTO SHIPPUDEN IN 15 MINUTES「REVAMPED VERSION」.mp4,4200
vid_data/videos/NARUTO SHIPPUDEN IN 15 MINUTES「REVAMPED VERSION」.mp4,4260
vid_data/videos/NARUTO SHIPPUDEN IN 15 MINUTES「REVAMPED VERSION」.mp4,4680
vid_data/videos/NARUTO SHIPPUDEN IN 15 MINUTES「REVAMPED VERSION」.mp4,4710
vid_data/videos/NARUTO SHIPPUDEN IN 15 MINUTES「REVAMPED VERSION」.mp4,4860
vid_data/videos/NARUTO SHIPPUDEN IN 15 MINUTES「REVAMPED VERSION」.mp4,5160
vid_data/videos/NARUTO SHIPPUDEN IN 15 MINUTES「REVAMPED VERSION」.mp4,5190
vid_data/videos/NARUTO SHIPPUDEN IN 15 MINUTES「REVAMPED VERSION」.mp4,5220
vid_data/videos/NARUTO SHIPPUDEN IN 15 MINUTES「REVAMPED VERSION」.mp4,5310
vid_data/videos/NARUTO SHIPPUDEN IN 15 MINUTES「REVAMPED VERSION」.mp4,5430
vid_data/videos/NARUTO SHIPPUDEN IN 15 MINUTES「REVAMPED VERSION」.mp4,5820
vid_data/videos/NARUTO SHIPPUDEN IN 15 MINUTES「REVAMPED VERSION」.mp4,6150
vid_data/videos/NARUTO SHIPPUDEN IN 15 MINUTES「REVAMPED VERSION」.mp4,6210
vid_data/videos/NARUTO SHIPPUDEN IN 15 MINUTES「REVAMPED VERSION」.mp4,6300
vid_data/videos/NARUTO SHIPPUDEN IN 15 MINUTES「REVAMPED VERSION」.mp4,6330
vid_data/videos/NARUTO SHIPPUDEN IN 15 MINUTES「REVAMPED VERSION」.mp4,6360
vid_data/videos/NARUTO SHIPPUDEN IN 15 MINUTES「REVAMPED VERSION」.mp4,6570
vid_data/videos/NARUTO SHIPPUDEN IN 15 MINUTES「REVAMPED VERSION」.mp4,6870
vid_data/videos/NARUTO SHIPPUDEN IN 15 MINUTES「REVAMPED VERSION」.mp4,7050
vid_data/videos/NARUTO SHIPPUDEN IN 15 MINUTES「REVAMPED VERSION」.mp4,7170
vid_data/videos/NARUTO SHIPPUDEN IN 15 MINUTES「REVAMPED VERSION」.mp4,7200
vid_data/videos/NARUTO SHIPPUDEN IN 15 MINUTES「REVAMPED VERSION」.mp4,7440
vid_data/videos/NARUTO SHIPPUDEN IN 15 MINUTES「REVAMPED VERSION」.mp4,7890
vid_data/videos/NARUTO SHIPPUDEN IN 15 MINUTES「REVAMPED VERSION」.mp4,8100
vid_data/videos/NARUTO SHIPPUDEN IN 15 MINUTES「REVAMPED VERSION」.mp4,8220
vid_data/videos/NARUTO SHIPPUDEN IN 15 MINUTES「REVAMPED VERSION」.mp4,8280
vid_data/videos/NARUTO SHIPPUDEN IN 15 MINUTES「REVAMPED VERSION」.mp4,8400
vid_data/videos/NARUTO SHIPPUDEN IN 15 MINUTES「REVAMPED VERSION」.mp4,8520
vid_data/videos/NARUTO SHIPPUDEN IN 15 MINUTES「REVAMPED VERSION」.mp4,8760
vid_data/videos/NARUTO SHIPPUDEN IN 15 MINUTES「REVAMPED VERSION」.mp4,8880
vid_data/videos/NARUTO SHIPPUDEN IN 15 MINUTES「REVAMPED VERSION」.mp4,9120
vid_data/videos/NARUTO SHIPPUDEN IN 15 MINUTES「REVAMPED VERSION」.mp4,9150
vid_data/videos/NARUTO SHIPPUDEN IN 15 MINUTES「REVAMPED VERSION」.mp4,9180
vid_data/videos/NARUTO SHIPPUDEN IN 15 MINUTES「REVAMPED VERSION」.mp4,9210
vid_data/videos/NARUTO SHIPPUDEN IN 15 MINUTES「REVAMPED VERSION」.mp4,9300
vid_data/videos/NARUTO SHIPPUDEN IN 15 MINUTES「REVAMPED VERSION」.mp4,9330
vid_data/videos/NARUTO SHIPPUDEN IN 15 MINUTES「REVAMPED VERSION」.mp4,9510
vid_data/videos/NARUTO SHIPPUDEN IN 15 MINUTES「REVAMPED VERSION」.mp4,10440
vid_data/videos/NARUTO SHIPPUDEN IN 15 MINUTES「REVAMPED VERSION」.mp4,10500
vid_data/videos/NARUTO SHIPPUDEN IN 15 MINUTES「REVAMPED VERSION」.mp4,10530
vid_data/videos/NARUTO SHIPPUDEN IN 15 MINUTES「REVAMPED VERSION」.mp4,10710
vid_data/videos/NARUTO SHIPPUDEN IN 15 MINUTES「REVAMPED VERSION」.mp4,10770
vid_data/videos/NARUTO SHIPPUDEN IN 15 MINUTES「REVAMPED VERSION」.mp4,10830
vid_data/videos/NARUTO SHIPPUDEN IN 15 MINUTES「REVAMPED VERSION」.mp4,10860
vid_data/videos/NARUTO SHIPPUDEN IN 15 MINUTES「REVAMPED VERSION」.mp4,10890
vid_data/videos/NARUTO SHIPPUDEN IN 15 MINUTES「REVAMPED VERSION」.mp4,10920
vid_data/videos/NARUTO SHIPPUDEN IN 15 MINUTES「REVAMPED VERSION」.mp4,10950
vid_data/videos/NARUTO SHIPPUDEN IN 15 MINUTES「REVAMPED VERSION」.mp4,10980
vid_data/videos/NARUTO SHIPPUDEN IN 15 MINUTES「REVAMPED VERSION」.mp4,11010
vid_data/videos/NARUTO SHIPPUDEN IN 15 MINUTES「REVAMPED VERSION」.mp4,11040
vid_data/videos/NARUTO SHIPPUDEN IN 15 MINUTES「REVAMPED VERSION」.mp4,11070
vid_data/videos/NARUTO SHIPPUDEN IN 15 MINUTES「REVAMPED VERSION」.mp4,11100
vid_data/videos/NARUTO SHIPPUDEN IN 15 MINUTES「REVAMPED VERSION」.mp4,11190
vid_data/videos/NARUTO SHIPPUDEN IN 15 MINUTES「REVAMPED VERSION」.mp4,11220
vid_data/videos/NARUTO SHIPPUDEN IN 15 MINUTES「REVAMPED VERSION」.mp4,11250
vid_data/videos/NARUTO SHIPPUDEN IN 15 MINUTES「REVAMPED VERSION」.mp4,11280
vid_data/videos/NARUTO SHIPPUDEN IN 15 MINUTES「REVAMPED VERSION」.mp4,11310
vid_data/videos/NARUTO SHIPPUDEN IN 15 MINUTES「REVAMPED VERSION」.mp4,11340
vid_data/videos/NARUTO SHIPPUDEN IN 15 MINUTES「REVAMPED VERSION」.mp4,11400
vid_data/videos/NARUTO SHIPPUDEN IN 15 MINUTES「REVAMPED VERSION」.mp4,11460
vid_data/videos/NARUTO SHIPPUDEN IN 15 MINUTES「REVAMPED VERSION」.mp4,11700
vid_data/videos/NARUTO SHIPPUDEN IN 15 MINUTES「REVAMPED VERSION」.mp4,11730
vid_data/videos/NARUTO SHIPPUDEN IN 15 MINUTES「REVAMPED VERSION」.mp4,11760
vid_data/videos/NARUTO SHIPPUDEN IN 15 MINUTES「REVAMPED VERSION」.mp4,11820
vid_data/videos/NARUTO SHIPPUDEN IN 15 MINUTES「REVAMPED VERSION」.mp4,11880
vid_data/videos/NARUTO SHIPPUDEN IN 15 MINUTES「REVAMPED VERSION」.mp4,11970
vid_data/videos/NARUTO SHIPPUDEN IN 15 MINUTES「REVAMPED VERSION」.mp4,12300
vid_data/videos/NARUTO SHIPPUDEN IN 15 MINUTES「REVAMPED VERSION」.mp4,12330
vid_data/videos/NARUTO SHIPPUDEN IN 15 MINUTES「REVAMPED VERSION」.mp4,12360
vid_data/videos/NARUTO SHIPPUDEN IN 15 MINUTES「REVAMPED VERSION」.mp4,12390
vid_data/videos/NARUTO SHIPPUDEN IN 15 MINUTES「REVAMPED VERSION」.mp4,12510
vid_data/videos/NARUTO SHIPPUDEN IN 15 MINUTES「REVAMPED VERSION」.mp4,12540
vid_data/videos/NARUTO SHIPPUDEN IN 15 MINUTES「REVAMPED VERSION」.mp4,12570
vid_data/videos/NARUTO SHIPPUDEN IN 15 MINUTES「REVAMPED VERSION」.mp4,12690
vid_data/videos/NARUTO SHIPPUDEN IN 15 MINUTES「REVAMPED VERSION」.mp4,12720
vid_data/videos/NARUTO SHIPPUDEN IN 15 MINUTES「REVAMPED VERSION」.mp4,12750
vid_data/videos/NARUTO SHIPPUDEN IN 15 MINUTES「REVAMPED VERSION」.mp4,12780
vid_data/videos/NARUTO SHIPPUDEN IN 15 MINUTES「REVAMPED VERSION」.mp4,12810
vid_data/videos/NARUTO SHIPPUDEN IN 15 MINUTES「REVAMPED VERSION」.mp4,12840
vid_data/videos/NARUTO SHIPPUDEN IN 15 MINUTES「REVAMPED VERSION」.mp4,12930
vid_data/videos/NARUTO SHIPPUDEN IN 15 MINUTES「REVAMPED VERSION」.mp4,13020
vid_data/videos/NARUTO SHIPPUDEN IN 15 MINUTES「REVAMPED VERSION」.mp4,13320
vid_data/videos/NARUTO SHIPPUDEN IN 15 MINUTES「REVAMPED VERSION」.mp4,13440
vid_data/videos/NARUTO SHIPPUDEN IN 15 MINUTES「REVAMPED VERSION」.mp4,13470
vid_data/videos/NARUTO SHIPPUDEN IN 15 MINUTES「REVAMPED VERSION」.mp4,13530
vid_data/videos/NARUTO SHIPPUDEN IN 15 MINUTES「REVAMPED VERSION」.mp4,13710
vid_data/videos/NARUTO SHIPPUDEN IN 15 MINUTES「REVAMPED VERSION」.mp4,13740
vid_data/videos/NARUTO SHIPPUDEN IN 15 MINUTES「REVAMPED VERSION」.mp4,14100
vid_data/videos/NARUTO SHIPPUDEN IN 15 MINUTES「REVAMPED VERSION」.mp4,14130
vid_data/videos/NARUTO SHIPPUDEN IN 15 MINUTES「REVAMPED VERSION」.mp4,14160
vid_data/videos/NARUTO SHIPPUDEN IN 15 MINUTES「REVAMPED VERSION」.mp4,14190
vid_data/videos/NARUTO SHIPPUDEN IN 15 MINUTES「REVAMPED VERSION」.mp4,14220
vid_data/videos/NARUTO SHIPPUDEN IN 15 MINUTES「REVAMPED VERSION」.mp4,14250
vid_data/videos/NARUTO SHIPPUDEN IN 15 MINUTES「REVAMPED VERSION」.mp4,14280
vid_data/videos/NARUTO SHIPPUDEN IN 15 MINUTES「REVAMPED VERSION」.mp4,14310
vid_data/videos/NARUTO SHIPPUDEN IN 15 MINUTES「REVAMPED VERSION」.mp4,14340
vid_data/videos/NARUTO SHIPPUDEN IN 15 MINUTES「REVAMPED VERSION」.mp4,14370
vid_data/videos/NARUTO SHIPPUDEN IN 15 MINUTES「REVAMPED VERSION」.mp4,14400
vid_data/videos/NARUTO SHIPPUDEN IN 15 MINUTES「REVAMPED VERSION」.mp4,14460
vid_data/videos/NARUTO SHIPPUDEN IN 15 MINUTES「REVAMPED VERSION」.mp4,14520
vid_data/videos/NARUTO SHIPPUDEN IN 15 MINUTES「REVAMPED VERSION」.mp4,15000
vid_data/videos/NARUTO SHIPPUDEN IN 15 MINUTES「REVAMPED VERSION」.mp4,15030
vid_data/videos/NARUTO SHIPPUDEN IN 15 MINUTES「REVAMPED VERSION」.mp4,15060
vid_data/videos/NARUTO SHIPPUDEN IN 15 MINUTES「REVAMPED VERSION」.mp4,15210
vid_data/videos/NARUTO SHIPPUDEN IN 15 MINUTES「REVAMPED VERSION」.mp4,15330
vid_data/videos/NARUTO SHIPPUDEN IN 15 MINUTES「REVAMPED VERSION」.mp4,15420
vid_data/videos/NARUTO SHIPPUDEN IN 15 MINUTES「REVAMPED VERSION」.mp4,15450
vid_data/videos/NARUTO SHIPPUDEN IN 15 MINUTES「REVAMPED VERSION」.mp4,15570
vid_data/videos/NARUTO SHIPPUDEN IN 15 MINUTES「REVAMPED VERSION」.mp4,15600
vid_data/videos/NARUTO SHIPPUDEN IN 15 MINUTES「REVAMPED VERSION」.mp4,15630
vid_data/videos/NARUTO SHIPPUDEN IN 15 MINUTES「REVAMPED VERSION」.mp4,15870
vid_data/videos/NARUTO SHIPPUDEN IN 15 MINUTES「REVAMPED VERSION」.mp4,15900
vid_data/videos/NARUTO SHIPPUDEN IN 15 MINUTES「REVAMPED VERSION」.mp4,15930
vid_data/videos/NARUTO SHIPPUDEN IN 15 MINUTES「REVAMPED VERSION」.mp4,15960
vid_data/videos/NARUTO SHIPPUDEN IN 15 MINUTES「REVAMPED VERSION」.mp4,16050
vid_data/videos/NARUTO SHIPPUDEN IN 15 MINUTES「REVAMPED VERSION」.mp4,16080
vid_data/videos/NARUTO SHIPPUDEN IN 15 MINUTES「REVAMPED VERSION」.mp4,16110
vid_data/videos/NARUTO SHIPPUDEN IN 15 MINUTES「REVAMPED VERSION」.mp4,16200
vid_data/videos/NARUTO SHIPPUDEN IN 15 MINUTES「REVAMPED VERSION」.mp4,16290
vid_data/videos/NARUTO SHIPPUDEN IN 15 MINUTES「REVAMPED VERSION」.mp4,16380
vid_data/videos/NARUTO SHIPPUDEN IN 15 MINUTES「REVAMPED VERSION」.mp4,16440
vid_data/videos/NARUTO SHIPPUDEN IN 15 MINUTES「REVAMPED VERSION」.mp4,16470
vid_data/videos/NARUTO SHIPPUDEN IN 15 MINUTES「REVAMPED VERSION」.mp4,16500
vid_data/videos/NARUTO SHIPPUDEN IN 15 MINUTES「REVAMPED VERSION」.mp4,16530
vid_data/videos/NARUTO SHIPPUDEN IN 15 MINUTES「REVAMPED VERSION」.mp4,16620
vid_data/videos/NARUTO SHIPPUDEN IN 15 MINUTES「REVAMPED VERSION」.mp4,17340
vid_data/videos/NARUTO SHIPPUDEN IN 15 MINUTES「REVAMPED VERSION」.mp4,17520
vid_data/videos/NARUTO SHIPPUDEN IN 15 MINUTES「REVAMPED VERSION」.mp4,17550
vid_data/videos/NARUTO SHIPPUDEN IN 15 MINUTES「REVAMPED VERSION」.mp4,17700
vid_data/videos/NARUTO SHIPPUDEN IN 15 MINUTES「REVAMPED VERSION」.mp4,17730
vid_data/videos/NARUTO SHIPPUDEN IN 15 MINUTES「REVAMPED VERSION」.mp4,17790
vid_data/videos/NARUTO SHIPPUDEN IN 15 MINUTES「REVAMPED VERSION」.mp4,17940
vid_data/videos/NARUTO SHIPPUDEN IN 15 MINUTES「REVAMPED VERSION」.mp4,18180
vid_data/videos/NARUTO SHIPPUDEN IN 15 MINUTES「REVAMPED VERSION」.mp4,18210
vid_data/videos/NARUTO SHIPPUDEN IN 15 MINUTES「REVAMPED VERSION」.mp4,18240
vid_data/videos/NARUTO SHIPPUDEN IN 15 MINUTES「REVAMPED VERSION」.mp4,18270
vid_data/videos/NARUTO SHIPPUDEN IN 15 MINUTES「REVAMPED VERSION」.mp4,18300
vid_data/videos/NARUTO SHIPPUDEN IN 15 MINUTES「REVAMPED VERSION」.mp4,18330
vid_data/videos/NARUTO SHIPPUDEN IN 15 MINUTES「REVAMPED VERSION」.mp4,18390
vid_data/videos/NARUTO SHIPPUDEN IN 15 MINUTES「REVAMPED VERSION」.mp4,18420
vid_data/videos/NARUTO SHIPPUDEN IN 15 MINUTES「REVAMPED VERSION」.mp4,18450
vid_data/videos/NARUTO SHIPPUDEN IN 15 MINUTES「REVAMPED VERSION」.mp4,18570
vid_data/videos/NARUTO SHIPPUDEN IN 15 MINUTES「REVAMPED VERSION」.mp4,18690
vid_data/videos/NARUTO SHIPPUDEN IN 15 MINUTES「REVAMPED VERSION」.mp4,18840
vid_data/videos/NARUTO SHIPPUDEN IN 15 MINUTES「REVAMPED VERSION」.mp4,18870
vid_data/videos/NARUTO SHIPPUDEN IN 15 MINUTES「REVAMPED VERSION」.mp4,19350
vid_data/videos/NARUTO SHIPPUDEN IN 15 MINUTES「REVAMPED VERSION」.mp4,19380
vid_data/videos/NARUTO SHIPPUDEN IN 15 MINUTES「REVAMPED VERSION」.mp4,19560
vid_data/videos/NARUTO SHIPPUDEN IN 15 MINUTES「REVAMPED VERSION」.mp4,19590
vid_data/videos/NARUTO SHIPPUDEN IN 15 MINUTES「REVAMPED VERSION」.mp4,19620
vid_data/videos/NARUTO SHIPPUDEN IN 15 MINUTES「REVAMPED VERSION」.mp4,19650
vid_data/videos/NARUTO SHIPPUDEN IN 15 MINUTES「REVAMPED VERSION」.mp4,19680
vid_data/videos/NARUTO SHIPPUDEN IN 15 MINUTES「REVAMPED VERSION」.mp4,19740
vid_data/videos/NARUTO SHIPPUDEN IN 15 MINUTES「REVAMPED VERSION」.mp4,19800
vid_data/videos/NARUTO SHIPPUDEN IN 15 MINUTES「REVAMPED VERSION」.mp4,19830
vid_data/videos/NARUTO SHIPPUDEN IN 15 MINUTES「REVAMPED VERSION」.mp4,19920
vid_data/videos/NARUTO SHIPPUDEN IN 15 MINUTES「REVAMPED VERSION」.mp4,20010
vid_data/videos/NARUTO SHIPPUDEN IN 15 MINUTES「REVAMPED VERSION」.mp4,20040
vid_data/videos/NARUTO SHIPPUDEN IN 15 MINUTES「REVAMPED VERSION」.mp4,20070
vid_data/videos/NARUTO SHIPPUDEN IN 15 MINUTES「REVAMPED VERSION」.mp4,20100
vid_data/videos/NARUTO SHIPPUDEN IN 15 MINUTES「REVAMPED VERSION」.mp4,20520
vid_data/videos/NARUTO SHIPPUDEN IN 15 MINUTES「REVAMPED VERSION」.mp4,20550
vid_data/videos/NARUTO SHIPPUDEN IN 15 MINUTES「REVAMPED VERSION」.mp4,20820
vid_data/videos/NARUTO SHIPPUDEN IN 15 MINUTES「REVAMPED VERSION」.mp4,21270
vid_data/videos/NARUTO SHIPPUDEN IN 15 MINUTES「REVAMPED VERSION」.mp4,21330
vid_data/videos/NARUTO SHIPPUDEN IN 15 MINUTES「REVAMPED VERSION」.mp4,21360
vid_data/videos/NARUTO SHIPPUDEN IN 15 MINUTES「REVAMPED VERSION」.mp4,21450
vid_data/videos/NARUTO SHIPPUDEN IN 15 MINUTES「REVAMPED VERSION」.mp4,21510
vid_data/videos/NARUTO SHIPPUDEN IN 15 MINUTES「REVAMPED VERSION」.mp4,21960
vid_data/videos/NARUTO SHIPPUDEN IN 15 MINUTES「REVAMPED VERSION」.mp4,21990
vid_data/videos/NARUTO SHIPPUDEN IN 15 MINUTES「REVAMPED VERSION」.mp4,22020
vid_data/videos/NARUTO SHIPPUDEN IN 15 MINUTES「REVAMPED VERSION」.mp4,22860
vid_data/videos/NARUTO SHIPPUDEN IN 15 MINUTES「REVAMPED VERSION」.mp4,22890
vid_data/videos/NARUTO SHIPPUDEN IN 15 MINUTES「REVAMPED VERSION」.mp4,23280
vid_data/videos/NARUTO SHIPPUDEN IN 15 MINUTES「REVAMPED VERSION」.mp4,24000
vid_data/videos/NARUTO SHIPPUDEN IN 15 MINUTES「REVAMPED VERSION」.mp4,24060
vid_data/videos/NARUTO SHIPPUDEN IN 15 MINUTES「REVAMPED VERSION」.mp4,24270
vid_data/videos/NARUTO SHIPPUDEN IN 15 MINUTES「REVAMPED VERSION」.mp4,24300
vid_data/videos/NARUTO SHIPPUDEN IN 15 MINUTES「REVAMPED VERSION」.mp4,24330
vid_data/videos/NARUTO SHIPPUDEN IN 15 MINUTES「REVAMPED VERSION」.mp4,24570
vid_data/videos/NARUTO SHIPPUDEN IN 15 MINUTES「REVAMPED VERSION」.mp4,24690
vid_data/videos/NARUTO SHIPPUDEN IN 15 MINUTES「REVAMPED VERSION」.mp4,24720
vid_data/videos/NARUTO SHIPPUDEN IN 15 MINUTES「REVAMPED VERSION」.mp4,25290
vid_data/videos/NARUTO SHIPPUDEN IN 15 MINUTES「REVAMPED VERSION」.mp4,25530
vid_data/videos/NARUTO SHIPPUDEN IN 15 MINUTES「REVAMPED VERSION」.mp4,25740
vid_data/videos/NARUTO SHIPPUDEN IN 15 MINUTES「REVAMPED VERSION」.mp4,25770
vid_data/videos/NARUTO SHIPPUDEN IN 15 MINUTES「REVAMPED VERSION」.mp4,25920
vid_data/videos/NARUTO SHIPPUDEN IN 15 MINUTES「REVAMPED VERSION」.mp4,25950
vid_data/videos/NARUTO SHIPPUDEN IN 15 MINUTES「REVAMPED VERSION」.mp4,26130
vid_data/videos/NARUTO SHIPPUDEN IN 15 MINUTES「REVAMPED VERSION」.mp4,26250
vid_data/videos/NARUTO SHIPPUDEN IN 15 MINUTES「REVAMPED VERSION」.mp4,26280
vid_data/videos/NARUTO SHIPPUDEN IN 15 MINUTES「REVAMPED VERSION」.mp4,26430
vid_data/videos/NARUTO SHIPPUDEN IN 15 MINUTES「REVAMPED VERSION」.mp4,26550
vid_data/videos/NARUTO SHIPPUDEN IN 15 MINUTES「REVAMPED VERSION」.mp4,26580
vid_data/videos/NARUTO SHIPPUDEN IN 15 MINUTES「REVAMPED VERSION」.mp4,26700
vid_data/videos/NARUTO SHIPPUDEN IN 15 MINUTES「REVAMPED VERSION」.mp4,26880
vid_data/videos/NARUTO SHIPPUDEN IN 15 MINUTES「REVAMPED VERSION」.mp4,26910
vid_data/videos/NARUTO SHIPPUDEN IN 15 MINUTES「REVAMPED VERSION」.mp4,26940
vid_data/videos/NARUTO SHIPPUDEN IN 15 MINUTES「REVAMPED VERSION」.mp4,27090
vid_data/videos/NARUTO SHIPPUDEN IN 15 MINUTES「REVAMPED VERSION」.mp4,27120
